|contract_id|title|text|clean_text
0|2016_082054|Death / Funeral Assistance|- AUXÍLIO FUNERAL  No caso de falecimento de empregado, a empresa pagará a título de Auxílio Funeral, juntamente com o saldo de salários e outras verbas trabalhistas remanescentes, 1 (um) salário nominal em caso de morte natural ou acidental e 2 (dois) salários nominais em caso de morte por acidente de trabalho.  A empresa desobriga-se ao cumprimento desta cláusula desde que mantenha seguro de vida a seus empregados, cuja indenização securitária por morte seja igual ou superior aos valores acima estipulados.  |- auxílio funeral no caso de falecimento de empregado a empresa pagará a título de auxílio funeral juntamente com o saldo de salários e outras verbas trabalhistas remanescentes 1 um salário nominal em caso de morte natural ou acidental e 2 dois salários nominais em caso de morte por acidente de trabalho a empresa desobriga-se ao cumprimento desta cláusula desde que mantenha seguro de vida a seus empregados cuja indenização securitária por morte seja igual ou superior aos valores acima estipulados 
1|2016_082054|Childcare Assistance|AUXÍLIO CRECHE  A) Contando a empresa com pelo menos 30 (trinta) empregadas, com mais de 16 (dezesseis) anos de idade e não possuindo creche própria, poderá optar entre celebrar o convênio previsto no parágrafo 2º do artigo 389 da CLT, ou reembolsar diretamente a empregada às despesas comprovadamente havidas com a guarda, vigilância e assistência de filho legítimo ou legalmente adotado, em creche credenciada, de sua livre escolha, até o limite de 30% (trinta por cento) do Salário Normativo da categoria, vigente na época do evento, por filho(a) com idade de 0 (zero) até 24 (vinte e quatro) meses. Na falta do comprovante acima mencionado será pago diretamente à empregada o valor fixo de 20% (vinte por cento) do Salário Normativo da categoria, vigente na época do evento, por filho (a) com idade entre 0 (zero) e 24 (vinte e quatro) meses;  B) O auxílio-creche objeto desta cláusula não integrará, para nenhum efeito, o salário da empregada;  C) Se a empresa adotar condições mais favoráveis, ou acordos específicos sobre o objeto desta cláusula, desobriga-se ao seu cumprimento.  |auxílio creche a contando a empresa com pelo menos 30 trinta empregadas com mais de 16 dezesseis anos de idade e não possuindo creche própria poderá optar entre celebrar o convênio previsto no parágrafo 2º do artigo 389 da clt ou reembolsar diretamente a empregada às despesas comprovadamente havidas com a guarda vigilância e assistência de filho legítimo ou legalmente adotado em creche credenciada de sua livre escolha até o limite de 30% trinta por cento do salário normativo da categoria vigente na época do evento por filhoa com idade de 0 zero até 24 vinte e quatro mesesna falta do comprovante acima mencionado será pago diretamente à empregada o valor fixo de 20% vinte por cento do salário normativo da categoria vigente na época do evento por filho a com idade entre 0 zero e 24 vinte e quatro meses b o auxílio-creche objeto desta cláusula não integrará para nenhum efeito o salário da empregada c se a empresa adotar condições mais favoráveis ou acordos específicos sobre o objeto desta cláusula desobriga-se ao seu cumprimento 
2|2016_082054|Maternity Assurances|- GARANTIA DE EMPREGO A GESTANTE  A) Fica vedada a dispensa arbitrária ou sem justa causa da empregada gestante desde a confirmação da gravidez até 5 (cinco) meses após o parto;  B) Se rescindido o contrato de trabalho, a empregada deverá, se for o caso, avisar a empresa do seu estado de gestação, devendo comprová-lo dentro do prazo de 60 (sessenta) dias, a partir da notificação da dispensa. Nos casos de gestação atípica, não revelada, esse prazo será estendido para 90 (noventa) dias, devendo tal situação ser comprovada por atestado médico do INSS;  C) A empregada gestante não poderá ser despedida, a não ser em razão de falta grave, ou por mútuo acordo com a empresa, com assistência do sindicato signatário;  D) No caso de rescisão de contrato de trabalho, por iniciativa do empregador, o aviso prévio legal, ou previsto neste Acordo, não poderá ser incorporado no prazo estipulado nesta garantia.  E) Contando a empresa com mais de 100 empregados, aderirá ao Programa Empresa Cidadã, prorrogando-se a Licença Maternidade de 120 dias, prevista no Inciso XVIII do Art. 7º da Constituição Federal, por mais 30 dias, inclusive, para a empregada adotante, tal como estabelece o parágrafo 2º do art. 1º da Lei nº 11.770 de 9 de setembro de 2008.  F) Desde que solicitada pela empregada e confirmada a necessidade por indicação médica que cuida do seu pré-natal, e de acordo com o art. 392, parágrafo 4º, inciso I da CLT, fica garantido o seu direito de remanejamento, para exercer funções compatíveis com a sua condição física atual de gestante. |- garantia de emprego a gestante a fica vedada a dispensa arbitrária ou sem justa causa da empregada gestante desde a confirmação da gravidez até 5 cinco meses após o parto b se rescindido o contrato de trabalho a empregada deverá se for o caso avisar a empresa do seu estado de gestação devendo comprová-lo dentro do prazo de 60 sessenta dias a partir da notificação da dispensanos casos de gestação atípica não revelada esse prazo será estendido para 90 noventa dias devendo tal situação ser comprovada por atestado médico do inss c a empregada gestante não poderá ser despedida a não ser em razão de falta grave ou por mútuo acordo com a empresa com assistência do sindicato signatário d no caso de rescisão de contrato de trabalho por iniciativa do empregador o aviso prévio legal ou previsto neste acordo não poderá ser incorporado no prazo estipulado nesta garantia e contando a empresa com mais de 100 empregados aderirá ao programa empresa cidadã prorrogando-se a licença maternidade de 120 dias prevista no inciso xviii do art7º da constituição federal por mais 30 dias inclusive para a empregada adotante tal como estabelece o parágrafo 2º do art1º da lei nº 11770 de 9 de setembro de 2008 f desde que solicitada pela empregada e confirmada a necessidade por indicação médica que cuida do seu pré-natal e de acordo com o art392 parágrafo 4º inciso i da clt fica garantido o seu direito de remanejamento para exercer funções compatíveis com a sua condição física atual de gestante
3|2016_082054|Abortion Assurances|GARANTIA A EMPREGADA QUE SOFRER ABORTO  Fica assegurada a garantia de emprego ou salário à empregada que sofrer aborto não criminoso, comprovado por atestado médico, pelo período de 60 (sessenta) dias após o gozo do repouso remunerado de que trata o artigo 395 da CLT. |garantia a empregada que sofrer aborto fica assegurada a garantia de emprego ou salário à empregada que sofrer aborto não criminoso comprovado por atestado médico pelo período de 60 sessenta dias após o gozo do repouso remunerado de que trata o artigo 395 da clt
4|2016_082054|Special Work Days (women, minors, students)|GARANTIAS AO EMPREGADO ESTUDANTE  A) ABONO DE FALTA  Serão abonadas as faltas do empregado para prestação de exames, desde que em estabelecimento de ensino oficial, autorizado ou reconhecido, pré-avisado o empregador com o mínimo de 48 (quarenta e oito) horas e comprovação posterior. Esta garantia é extensiva aos exames vestibulares, limitados, porém, às cinco primeiras inscrições comunicadas ao empregador;  B) HORÁRIO DE TRABALHO  Fica garantida a manutenção do horário de trabalho do empregado estudante matriculado em estabelecimento de ensino e cursando o primeiro grau, segundo grau, curso superior, curso de formação profissional ou profissionalizante, devendo a empresa ser notificada dentro dos 30 (trinta) dias a partir da assinatura desta Convenção ou da matrícula;  Esta garantia cessará ao término da etapa que estiver sendo cursada;  C) ESTÁGIO  A empresa assegurará aos seus empregados estudantes, a realização de estágio na própria empresa, desde que compatível com a formação profissional do empregado e as atividades da empresa.  |garantias ao empregado estudante a abono de falta serão abonadas as faltas do empregado para prestação de exames desde que em estabelecimento de ensino oficial autorizado ou reconhecido pré-avisado o empregador com o mínimo de 48 quarenta e oito horas e comprovação posterioresta garantia é extensiva aos exames vestibulares limitados porém às cinco primeiras inscrições comunicadas ao empregador b horário de trabalho fica garantida a manutenção do horário de trabalho do empregado estudante matriculado em estabelecimento de ensino e cursando o primeiro grau segundo grau curso superior curso de formação profissional ou profissionalizante devendo a empresa ser notificada dentro dos 30 trinta dias a partir da assinatura desta convenção ou da matrícula esta garantia cessará ao término da etapa que estiver sendo cursada c estágio a empresa assegurará aos seus empregados estudantes a realização de estágio na própria empresa desde que compatível com a formação profissional do empregado e as atividades da empresa 
5|2016_082054|Special Work Days (women, minors, students)|- AMAMENTAÇÃO  Em substituição ao disposto no artigo 396 da CLT, que estabelece que para amamentar o seu próprio filho até que este complete 06 (seis) meses de idade, a mulher terá direito durante a jornada de trabalho a 02 (dois) descansos especiais de meia hora cada um. A pedido da empregada a empresa poderá conceder licença remunerada com duração de 12 (doze) dias úteis, a ser gozada a partir do término da licença remunerada e em continuidade a mesma.  Face à sua natureza e objetivo, fica vedada à concessão dessa licença remunerada em período diferente do estabelecido nesta cláusula.  A opção pela substituição dos intervalos pela licença remunerada devera ser informada pela empregada com no mínimo 15 (quinze) dias de antecedência do inicio da licença maternidade.   |- amamentação em substituição ao disposto no artigo 396 da clt que estabelece que para amamentar o seu próprio filho até que este complete 06 seis meses de idade a mulher terá direito durante a jornada de trabalho a 02 dois descansos especiais de meia hora cada uma pedido da empregada a empresa poderá conceder licença remunerada com duração de 12 doze dias úteis a ser gozada a partir do término da licença remunerada e em continuidade a mesma face à sua natureza e objetivo fica vedada à concessão dessa licença remunerada em período diferente do estabelecido nesta cláusula a opção pela substituição dos intervalos pela licença remunerada devera ser informada pela empregada com no mínimo 15 quinze dias de antecedência do inicio da licença maternidade 
6|2012_002993|Life Insurance|"Os Empregadores subsidiarão uma apólice de VIDA E ACIDENTES PESSOAIS EM GRUPO, MODALIDADE PASI – PLANO DE AMPARO SOCIAL IMEDIATO, no valor de até R$ 14,77 (quatorze reais e setenta e sete centavos) mensais para cada empregado. Este benefício deverá contemplar todos os trabalhadores que estiver em plena atividade de trabalho independentemente de sua idade. O Sindicato dos Trabalhadores, Empregados, Instrutores, Diretores em Auto Escola, Centro de Formação de Condutores A e B, Trabalhadores e Empregados em Despachante Documentalista do Município de São Paulo – SINTRADETE, na qualidade de entidade responsável na contratação da Apólice de Vida em Grupo para benefício da categoria profissional abrangida por este Acordo Coletivo de trabalho, que deverá com exclusividade indicar, disponibilizar, certificar a qualidade da contratação do benefício especificado, administrar as inclusões e exclusões, bem como acompanhar a movimentação financeira das apólices. As empresas que já concedem o seguro de VIDA E ACIDENTES PESSOAIS EM GRUPO a seus empregados ficam desobrigadas do cumprimento desta clausula, desde que na apólice vigente, constar expressamente a cobertura especificada no item III parágrafo 1º desta cláusula como coberturas mínimas exigidas.  COBERTURA MÍNIMAS EXIGIDAS I.                 - R$ 30.000,00 (trinta mil reais), em caso de Morte do empregado (a), independentemente do local ocorrido; II.                 - R$ 30.000,00 (trinta mil reais), em caso de Invalidez Permanente (Total ou Parcial) do empregado (a), causada por acidente, independentemente do local ocorrido, atestado por médico devidamente qualificado, discriminando detalhadamente, no laudo médico, as seqüelas definitivas, mencionando o grau ou percentagem, respectivamente, da invalidez deixada pelo acidente. III.                 – R$ 30.000,00 (trinta mil reais) em caso de Invalidez Permanente total adquirida no exercício profissional, será pago ao empregado 100% (cem por cento) do Capital Básico Segurado para a Cobertura de MORTE, limitado ao Capital Segurado mínimo exigido pela Convenção Coletiva de Trabalho da Categoria, mediante declaração médica, em modelo próprio fornecido pela seguradora, assinada pelo médico ou junta médica, responsável pelo laudo, caracterizando a incapacidade decorrente da doença profissional, obedecendo ao seguinte critério de pagamento: Paragráfo 1º.               Fica entendido que o empregado fará jus à cobertura PAED, somente no caso em que o próprio segurado seja considerado INVÁLIDO DE FORMA DEFINITIVA E PERMANENTE POR DOENÇA PROFISSIONAL, cuja doença seja caracterizada com DOENÇA PROFISSIONAL que o impeça de desenvolver definitivamente suas funções e pela qual não se pode esperar recuperação ou reabilitação com os recursos terapêuticos disponíveis no momento de sua constatação e desde que a data do início de tratamento e/ou diagnóstico da doença profissional caracterizada seja posterior à data de sua inclusão no seguro, e desde que tenha vínculo contratual com a empresa contratante, devidamente comprovada por relação ou proposta de adesão. Paragráfo 2º.               : Desde que devidamente comprovada e antecipada a indenização de invalidez de doença profissional, o segurado será excluído do seguro, em caráter definitivo, não cabendo o direito de nenhuma outra indenização futura ao mesmo segurado, mesmo que este segurado venha desempenhar outras funções na empresa ou em qualquer outra atividade neste ou outra empresa no País ou Exterior. Paragráfo 3º.                Caso não seja comprovada e/ou caracterizada a Invalidez adquirida no exercício profissional, o segurado continuará com as mesmas condições contratuais. Paragráfo 4º.                Caso o Empregado já tenha recebido indenizações contempladas pelo Benefício PAED ou outro semelhante, em outra seguradora, fica o mesmo Empregado sujeito às condições desta cláusula, sem direito a qualquer indenização. Paragráfo 5º.               - As indenizações em R$, independentemente da cobertura, deverão ser processadas e pagas aos beneficiários do seguro, no prazo não superior a 24 (vinte e quatro) horas após a entrega da documentação completa exigida pela Seguradora; Paragráfo 6º.                - Os valores das coberturas mínimas ajustadas nesta cláusula, com valores base Novembro de 2011 sofrerão, anualmente, atualizações pela variação da Convenção Coletiva de Trabalho. Paragráfo 7º.                - A partir do valor mínimo estipulado e das demais condições constantes do ""caput"" desta Cláusula, ficam as empresas livres para pactuarem com os seus empregados outros valores, critérios e condições para concessão do seguro, bem como a existência ou não de subsídios por parte da empresa e a efetivação ou não de desconto no salário do empregado (a), o qual deverá se for o caso, incidir apenas na parcela que exceder ao limite acima. Paragráfo 8º.                - Aplica-se o disposto na presente Cláusula a todas as empresas e empregadores, inclusive aos empregados (as) em regime de trabalho temporário, autônomos (as) e estagiários (as) devidamente comprovado o seu vínculo. Paragráfo 9º.                - As coberturas e as indenizações por morte e/ou por invalidez, previstas nos incisos I e II, do caput desta cláusula, não serão cumuláveis, sendo que o pagamento de uma exclui a outra. Paragráfo 10º.             - A Seguradora deverá observar o fiel cumprimento desta clausula, devendo, para tanto, constar respectiva apólice de seguro, as condições mínimas aqui estabelecidas, sob pena de virem a responder por eventual prejuízo causado aos empregadores e/ou empregados. Paragráfo 11º.             - O empregador que por ocasião do óbito ou da incapacitação permanente do trabalhador que não tenha implantado o benefício constante da presente cláusula ou estiver inadimplente por falta de pagamento, pagamento após o dia do vencimento ou efetuar o recolhimento por valor inferior ao devido, efetuará a indenização por morte ou invalidez ao empregado ou os seus dependentes equivalente ao dobro do valor da cobertura básica do seguro. Paragráfo 12º.             - Faculta-se aos empregadores qualquer forma de contratação de seguro, desde que contemplados todos os benefícios previstos nesta cláusula e desde que firmado através de Acordo Coletivo de Trabalho com a participação das Entidades Sindicais subscritoras da presente Convenção Coletivas de Trabalho, sob pena de nulidade. Paragráfo 13º.             - A presente cláusula não tem natureza salarial, por não se constituir em contraprestação de serviços. Paragráfo 14º.            - As empresas e/ou empregadores não serão responsabilizadas, sob qualquer forma, solidária ou subsidiariamente, na eventualidade da Seguradora contratada não cumprir com as condições mínimas aqui estabelecidas, salvo quando houver prova de culpa ou dolo. IV.                R$ 15.000,00 (quinze mil reais) em caso de morte do cônjuge do titular do seguro. V.                R$ 7.500,00 (sete mil e quinhentos reais) em caso de morte de filhos do titular do seguro. VI.                R$ 7.500,00 (sete mil e quinhentos reais) em caso de nascimento de filhos do titular do seguro com doença congênita. VII.                Ocorrendo a morte do titular do seguro, os beneficiários do seguro receberão, a título de doação, duas cestas-básicas de 25kg cada, de comprovada qualidade. VIII.                Ocorrendo o nascimento de filho (os) da funcionária (cobre somente titular do sexo feminino) a mesma receberá, a título de doação, duas cestas natalidade, caracterizadas como um kit mãe e um kit bebê, com conteúdos específicos para atender as primeiras necessidades básicas da beneficiária e seu bebê, limitado a duas cestas, desde que o comunicado seja formalizado pela empresa até 30 dias após o parto da empregada contemplada. IX.                Ocorrendo a morte do titular do seguro, a empresa ou empregador receberá uma indenização de até 10% (dez por cento) do capital básico vigente, a título de reembolso das despesas efetivadas, para o acerto rescisório trabalhista, devidamente comprovado. X.                Ocorrendo a morte do empregado (a), a apólice de Seguro de Vida em Grupo deverá contemplar uma cobertura para os gastos com a realização do sepultamento do mesmo, no valor de até R$ 2.160,00 (dois mil cento e sessenta reais)."|os empregadores subsidiarão uma apólice de vida e acidentes pessoais em grupo modalidade pasi plano de amparo social imediato no valor de até r$ 14,77 quatorze reais e setenta e sete centavos mensais para cada empregadoeste benefício deverá contemplar todos os trabalhadores que estiver em plena atividade de trabalho independentemente de sua idadeo sindicato dos trabalhadores empregados instrutores diretores em auto escola centro de formação de condutores a e b trabalhadores e empregados em despachante documentalista do município de são paulo sintradete na qualidade de entidade responsável na contratação da apólice de vida em grupo para benefício da categoria profissional abrangida por este acordo coletivo de trabalho que deverá com exclusividade indicar disponibilizar certificar a qualidade da contratação do benefício especificado administrar as inclusões e exclusões bem como acompanhar a movimentação financeira das apólicesas empresas que já concedem o seguro de vida e acidentes pessoais em grupo a seus empregados ficam desobrigadas do cumprimento desta clausula desde que na apólice vigente constar expressamente a cobertura especificada no item iii parágrafo 1º desta cláusula como coberturas mínimas exigidas cobertura mínimas exigidas i - r$ 30000,00 trinta mil reais em caso de morte do empregado a independentemente do local ocorrido ii - r$ 30000,00 trinta mil reais em caso de invalidez permanente total ou parcial do empregado a causada por acidente independentemente do local ocorrido atestado por médico devidamente qualificado discriminando detalhadamente no laudo médico as seqüelas definitivas mencionando o grau ou percentagem respectivamente da invalidez deixada pelo acidenteiii r$ 30000,00 trinta mil reais em caso de invalidez permanente total adquirida no exercício profissional será pago ao empregado 100% cem por cento do capital básico segurado para a cobertura de morte limitado ao capital segurado mínimo exigido pela convenção coletiva de trabalho da categoria mediante declaração médica em modelo próprio fornecido pela seguradora assinada pelo médico ou junta médica responsável pelo laudo caracterizando a incapacidade decorrente da doença profissional obedecendo ao seguinte critério de pagamento paragráfo 1º fica entendido que o empregado fará jus à cobertura paed somente no caso em que o próprio segurado seja considerado inválido de forma definitiva e permanente por doença profissional cuja doença seja caracterizada com doença profissional que o impeça de desenvolver definitivamente suas funções e pela qual não se pode esperar recuperação ou reabilitação com os recursos terapêuticos disponíveis no momento de sua constatação e desde que a data do início de tratamento e/ou diagnóstico da doença profissional caracterizada seja posterior à data de sua inclusão no seguro e desde que tenha vínculo contratual com a empresa contratante devidamente comprovada por relação ou proposta de adesãoparagráfo 2º desde que devidamente comprovada e antecipada a indenização de invalidez de doença profissional o segurado será excluído do seguro em caráter definitivo não cabendo o direito de nenhuma outra indenização futura ao mesmo segurado mesmo que este segurado venha desempenhar outras funções na empresa ou em qualquer outra atividade neste ou outra empresa no país ou exteriorparagráfo 3º caso não seja comprovada e/ou caracterizada a invalidez adquirida no exercício profissional o segurado continuará com as mesmas condições contratuaisparagráfo 4º caso o empregado já tenha recebido indenizações contempladas pelo benefício paed ou outro semelhante em outra seguradora fica o mesmo empregado sujeito às condições desta cláusula sem direito a qualquer indenizaçãoparagráfo 5º as indenizações em r$ independentemente da cobertura deverão ser processadas e pagas aos beneficiários do seguro no prazo não superior a 24 vinte e quatro horas após a entrega da documentação completa exigida pela seguradora paragráfo 6º - os valores das coberturas mínimas ajustadas nesta cláusula com valores base novembro de 2011 sofrerão anualmente atualizações pela variação da convenção coletiva de trabalhoparagráfo 7º - a partir do valor mínimo estipulado e das demais condições constantes do caput desta cláusula ficam as empresas livres para pactuarem com os seus empregados outros valores critérios e condições para concessão do seguro bem como a existência ou não de subsídios por parte da empresa e a efetivação ou não de desconto no salário do empregado a o qual deverá se for o caso incidir apenas na parcela que exceder ao limite acimaparagráfo 8º - aplica-se o disposto na presente cláusula a todas as empresas e empregadores inclusive aos empregados as em regime de trabalho temporário autônomos as e estagiários as devidamente comprovado o seu vínculoparagráfo 9º - as coberturas e as indenizações por morte e/ou por invalidez previstas nos incisos i e ii do caput desta cláusula não serão cumuláveis sendo que o pagamento de uma exclui a outraparagráfo 10º - a seguradora deverá observar o fiel cumprimento desta clausula devendo para tanto constar respectiva apólice de seguro as condições mínimas aqui estabelecidas sob pena de virem a responder por eventual prejuízo causado aos empregadores e/ou empregadosparagráfo 11º - o empregador que por ocasião do óbito ou da incapacitação permanente do trabalhador que não tenha implantado o benefício constante da presente cláusula ou estiver inadimplente por falta de pagamento pagamento após o dia do vencimento ou efetuar o recolhimento por valor inferior ao devido efetuará a indenização por morte ou invalidez ao empregado ou os seus dependentes equivalente ao dobro do valor da cobertura básica do seguroparagráfo 12º - faculta-se aos empregadores qualquer forma de contratação de seguro desde que contemplados todos os benefícios previstos nesta cláusula e desde que firmado através de acordo coletivo de trabalho com a participação das entidades sindicais subscritoras da presente convenção coletivas de trabalho sob pena de nulidadeparagráfo 13º - a presente cláusula não tem natureza salarial por não se constituir em contraprestação de serviçosparagráfo 14º as empresas e/ou empregadores não serão responsabilizadas sob qualquer forma solidária ou subsidiariamente na eventualidade da seguradora contratada não cumprir com as condições mínimas aqui estabelecidas salvo quando houver prova de culpa ou doloiv r$ 15000,00 quinze mil reais em caso de morte do cônjuge do titular do segurov r$ 7500,00 sete mil e quinhentos reais em caso de morte de filhos do titular do segurovi r$ 7500,00 sete mil e quinhentos reais em caso de nascimento de filhos do titular do seguro com doença congênitavii ocorrendo a morte do titular do seguro os beneficiários do seguro receberão a título de doação duas cestas-básicas de 25kg cada de comprovada qualidadeviii ocorrendo o nascimento de filho os da funcionária cobre somente titular do sexo feminino a mesma receberá a título de doação duas cestas natalidade caracterizadas como um kit mãe e um kit bebê com conteúdos específicos para atender as primeiras necessidades básicas da beneficiária e seu bebê limitado a duas cestas desde que o comunicado seja formalizado pela empresa até 30 dias após o parto da empregada contempladaix ocorrendo a morte do titular do seguro a empresa ou empregador receberá uma indenização de até 10% dez por cento do capital básico vigente a título de reembolso das despesas efetivadas para o acerto rescisório trabalhista devidamente comprovadox ocorrendo a morte do empregado a a apólice de seguro de vida em grupo deverá contemplar uma cobertura para os gastos com a realização do sepultamento do mesmo no valor de até r$ 2160,00 dois mil cento e sessenta reais
7|2012_002993|Special Work Days (women, minors, students)|Fica garantida a manutenção do horário do empregado estudante, matriculado em estabelecimento de ensino, cursando o Primeiro Grau, Segundo Grau, Superior ou Curso Profissionalizante desde que notifique a Empresa, até 10 (Dez) dias antes da efetivação da matrícula.  § 1º - Esta garantia se estenderá até a etapa final do curso, devendo o empregado apresentar declaração de freqüência, fornecida pela Entidade de Ensino, a cada semestre.  § 2º  - Será abonada a falta do empregado estudante desde que os Exames coincidam com o horário de trabalho, devendo o empregado comunicar ao Empregador com antecedência.|fica garantida a manutenção do horário do empregado estudante matriculado em estabelecimento de ensino cursando o primeiro grau segundo grau superior ou curso profissionalizante desde que notifique a empresa até 10 dez dias antes da efetivação da matrícula §1º -esta garantia se estenderá até a etapa final do curso devendo o empregado apresentar declaração de freqüência fornecida pela entidade de ensino a cada semestre §2º - será abonada a falta do empregado estudante desde que os exames coincidam com o horário de trabalho devendo o empregado comunicar ao empregador com antecedência
8|2012_002993|Maternity Leave|A Empregada Mãe Biológica que estiver amamentando, terá sua jornada diária de trabalho reduzida em (2) duas horas até o sexto mês de vida do recém-nascido, prazo este que poderá ser dilatado quando assim o exigir a saúde de seu filho, a critério da autoridade médica competente, ficando a mãe, ainda, com a liberdade de optar pelo descanso contínuo, correspondente à referida redução da jornada diária de trabalho, conforme Art. 396 par. Único da CLT. |a empregada mãe biológica que estiver amamentando terá sua jornada diária de trabalho reduzida em 2 duas horas até o sexto mês de vida do recém-nascido prazo este que poderá ser dilatado quando assim o exigir a saúde de seu filho a critério da autoridade médica competente ficando a mãe ainda com a liberdade de optar pelo descanso contínuo correspondente à referida redução da jornada diária de trabalho conforme art396 parúnico da clt
9|2012_002993|Adoption Leave|A Empresa concederá licença remunerada de (120) cento e vinte dias em conformidade com a Constituição Federal para mulher adotante, no caso de Adoção de criança na faixa de (0) zero a (12) doze meses. |a empresa concederá licença remunerada de 120 cento e vinte dias em conformidade com a constituição federal para mulher adotante no caso de adoção de criança na faixa de 0 zero a 12 doze meses
10|2012_002943|Maternity Assurances|A empresa assegurá a estabilidade conforme a legislação. |a empresa assegurá a estabilidade conforme a legislação
11|2016_082084|Childcare Assistance|1. A empresa disponibilizará às mulheres empregadas local destinado à guarda de seus filhos em idade de amamentação, ou celebrará convênios com creches oficiais ou credenciadas pelos órgãos públicos.  2. A empresa não sujeita ao cumprimento da obrigação referida no item 1 supra desta cláusula fornecerá às mulheres empregadas 10 (dez) latas de leite, próprio para recém-nascido, por mês, ou seu sucedâneo em dinheiro, durante o prazo de 6 (seis) meses, a partir do nascimento dos filhos destas, pactuando-se que o referido benefício não terá natureza salarial.  3. As empresas abrangidas pela regra constante do item 1 desta cláusula, enquanto não adotada uma das alternativas ali enumeradas, ficarão sujeitas à obrigação prevista no item 2 supra.  4. Os benefícios desta cláusula se estendem às mães adotantes de crianças de até 6 (seis) meses de idade.  |1a empresa disponibilizará às mulheres empregadas local destinado à guarda de seus filhos em idade de amamentação ou celebrará convênios com creches oficiais ou credenciadas pelos órgãos públicos 2a empresa não sujeita ao cumprimento da obrigação referida no item 1 supra desta cláusula fornecerá às mulheres empregadas 10 dez latas de leite próprio para recém-nascido por mês ou seu sucedâneo em dinheiro durante o prazo de 6 seis meses a partir do nascimento dos filhos destas pactuando-se que o referido benefício não terá natureza salarial 3as empresas abrangidas pela regra constante do item 1 desta cláusula enquanto não adotada uma das alternativas ali enumeradas ficarão sujeitas à obrigação prevista no item 2 supra 4os benefícios desta cláusula se estendem às mães adotantes de crianças de até 6 seis meses de idade 
12|2016_082084|Life Insurance|1. A empresa deverá adotar um plano de seguro de vida em grupo em favor dos seus empregados, em casos de invalidez permanente ou morte por qualquer natureza, independentemente das obrigações legais decorrentes do fato.  2. A empresa entregará aos empregados uma cópia da apólice e o certificado de seguro de vida em grupo, contendo a cobertura, os dependentes e outros dados básicos do seguro. |1a empresa deverá adotar um plano de seguro de vida em grupo em favor dos seus empregados em casos de invalidez permanente ou morte por qualquer natureza independentemente das obrigações legais decorrentes do fato 2a empresa entregará aos empregados uma cópia da apólice e o certificado de seguro de vida em grupo contendo a cobertura os dependentes e outros dados básicos do seguro
13|2016_082084|Maternity Assurances|1. As empregadas gestantes não poderão ser demitidas a partir da confirmação da gravidez até 6 (seis) meses após o parto, salvo por justa causa devidamente comprovada, acordo homologado ou no término do contrato de experiência.  2. A empregada que, quando demitida, julgar estar em estado gravídico deverá apresentar-se à empregadora, munida da competente comprovação médica, no prazo máximo de 60 (sessenta) dias, contados da rescisão contratual, sob pena de não mais poder postular quanto à permanência no emprego e/ou salários do período de garantia, entendendo-se esta como inexistente em decorrência da renúncia tácita configurada. |1as empregadas gestantes não poderão ser demitidas a partir da confirmação da gravidez até 6 seis meses após o parto salvo por justa causa devidamente comprovada acordo homologado ou no término do contrato de experiência 2a empregada que quando demitida julgar estar em estado gravídico deverá apresentar-se à empregadora munida da competente comprovação médica no prazo máximo de 60 sessenta dias contados da rescisão contratual sob pena de não mais poder postular quanto à permanência no emprego e/ou salários do período de garantia entendendo-se esta como inexistente em decorrência da renúncia tácita configurada
14|2015_043073|Death / Funeral Assistance|No caso de falecimento do seu empregado, a empresa concederá um auxílio-funeral equivalente a 1 ½ (um e meio) salário básico mensal vigente na data do falecimento, a quem estiver habilitado com o documento expedido pela instituição de previdência, conforme o parágrafo único, do art. 2º, do Dec. 85.845, de 26 03 1981 |no caso de falecimento do seu empregado a empresa concederá um auxílio-funeral equivalente a 1 ½ um e meio salário básico mensal vigente na data do falecimento a quem estiver habilitado com o documento expedido pela instituição de previdência conforme o parágrafo único do art2º do dec85845 de 26 03 1981 
15|2015_043073|Life Insurance|As empresas manterão seguro de vida em grupo aos seus empregados, com cobertura em caso de morte decorrente de acidente do trabalho ou assalto, no exercício de suas funções, cujo valor será o equivalente a 12 (doze) salários-base do empregado no dia do seu falecimento. PARÁGRAFO PRIMEIRO – As empresas poderão, querendo, ao invés de contratar seguro, assumir pessoalmente o risco, mas se o pagamento ultrapassar 30 (trinta) dias deverá o valor ser corrigido pela inflação do período que mediar até à liquidação do sinistro. PARÁGRAFO SEGUNDO – No caso de aplicação desta cláusula não se aplica, por não serem cumulativas, a regra da CLÁUSULA AUXÍLIO FUNERAL. |as empresas manterão seguro de vida em grupo aos seus empregados com cobertura em caso de morte decorrente de acidente do trabalho ou assalto no exercício de suas funções cujo valor será o equivalente a 12 doze salários-base do empregado no dia do seu falecimentoparágrafo primeiro as empresas poderão querendo ao invés de contratar seguro assumir pessoalmente o risco mas se o pagamento ultrapassar 30 trinta dias deverá o valor ser corrigido pela inflação do período que mediar até à liquidação do sinistroparágrafo segundo no caso de aplicação desta cláusula não se aplica por não serem cumulativas a regra da cláusula auxílio funeral
16|2012_003082|Maternity Assurances|A empresa assegurará a estabilidade conforme a legislação. |a empresa assegurará a estabilidade conforme a legislação
17|2017_039341|Death / Funeral Assistance|As empresas pagarão aos seus empregados, auxílio funeral no valor de 1 (um) piso salarial estabelecido na Cláusula “Piso Salarial”, “caput”, letra “b”, correspondente ao mês de pagamento, pelo falecimento do cônjuge e filhos menores de dezoito anos ou àquele que comprovar dependência econômica do empregado, se este for solteiro, pelo falecimento do empregado. Parágrafo Primeiro: O pagamento será efetuado mediante apresentação da devida certidão, no prazo máximo de 30 (trinta) dias após o óbito. Parágrafo Segundo: A empresa que já concede o benefício quer diretamente, quer através de entidade de previdência privada da qual seja patrocinadora, fica desobrigada de sua concessão, respeitando-se os critérios mais vantajosos ao empregado. |as empresas pagarão aos seus empregados auxílio funeral no valor de 1 um piso salarial estabelecido na cláusula “piso salarial” “caput” letra “b” correspondente ao mês de pagamento pelo falecimento do cônjuge e filhos menores de dezoito anos ou àquele que comprovar dependência econômica do empregado se este for solteiro pelo falecimento do empregadoparágrafo primeiro o pagamento será efetuado mediante apresentação da devida certidão no prazo máximo de 30 trinta dias após o óbitoparágrafo segundo a empresa que já concede o benefício quer diretamente quer através de entidade de previdência privada da qual seja patrocinadora fica desobrigada de sua concessão respeitando-se os critérios mais vantajosos ao empregado
18|2017_039341|Childcare Assistance|"As empresas reembolsarão aos seus empregados, até o valor de R$ 408,64 (quatrocentos e oito reais e sessenta e quatro centavos), para cada filho, até a idade de 83 (oitenta e três) meses, as despesas realizadas e comprovadas, mensalmente, com o internamento deste em creches ou instituições análogas de sua livre escolha. Reembolsarão, também, nas mesmas condições e valor, as despesas efetuadas com pagamento da empregada doméstica/babá, mediante a entrega de cópia do recibo desta, desde que tenha seu contrato de trabalho registrado em Carteira de Trabalho e Previdência Social e seja inscrita no INSS. Parágrafo Primeiro: Quando ambos os cônjuges forem empregados da mesma empresa o pagamento não será cumulativo, obrigando-se os empregados a designarem, por escrito, a empresa, o cônjuge que deverá receber o benefício. Parágrafo Segundo: O ""auxílio-creche"" não será cumulativo com o ""auxílio-babá"", devendo o beneficiário fazer opção escrita por um ou outro, para cada filho. Parágrafo Terceiro: A concessão da vantagem contida nesta Cláusula está em conformidade com os incisos XXV e XXVI do art. 7 º da Constituição Federal e com a Portaria do Ministério do Trabalho n º 865, de 14 de setembro de 1995 (DOU, Seção I, de 15/09/95) e atende, também, ao disposto nos Parágrafos Primeiro e Segundo do art. 389 da CLT, da Portaria n º 1, baixada pelo Diretor Geral do Departamento Nacional de Segurança e Higiene do Trabalho, em 15/01/69 (DOU de 24/01/69), bem como da Portaria n º 3.296, do Ministério do Trabalho (DOU de 05/09/86), com as alterações introduzidas pela Portaria MTB nº 670, de 20/08/97 (DOU de 21/08/97). Os reembolsos aqui previstos atendem, também, os requisitos exigidos pelo Regulamento da Previdência Social (Decreto nº 3.048, de 06/05/99, na redação dada pelo Decreto 3.265, de 29/11/99), em seu artigo 214, parágrafo 9º, incisos XXIII e XXIV. "|as empresas reembolsarão aos seus empregados até o valor de r$ 408,64 quatrocentos e oito reais e sessenta e quatro centavos para cada filho até a idade de 83 oitenta e três meses as despesas realizadas e comprovadas mensalmente com o internamento deste em creches ou instituições análogas de sua livre escolhareembolsarão também nas mesmas condições e valor as despesas efetuadas com pagamento da empregada doméstica/babá mediante a entrega de cópia do recibo desta desde que tenha seu contrato de trabalho registrado em carteira de trabalho e previdência social e seja inscrita no inssparágrafo primeiro quando ambos os cônjuges forem empregados da mesma empresa o pagamento não será cumulativo obrigando-se os empregados a designarem por escrito a empresa o cônjuge que deverá receber o benefícioparágrafo segundo o auxílio-creche não será cumulativo com o auxílio-babá devendo o beneficiário fazer opção escrita por um ou outro para cada filhoparágrafo terceiro a concessão da vantagem contida nesta cláusula está em conformidade com os incisos xxv e xxvi do art7 º da constituição federal e com a portaria do ministério do trabalho n º 865 de 14 de setembro de 1995 dou seção i de 15/09/95 e atende também ao disposto nos parágrafos primeiro e segundo do art389 da clt da portaria n º 1 baixada pelo diretor geral do departamento nacional de segurança e higiene do trabalho em 15/01/69 dou de 24/01/69 bem como da portaria n º 3296 do ministério do trabalho dou de 05/09/86 com as alterações introduzidas pela portaria mtb nº 670 de 20/08/97 dou de 21/08/97os reembolsos aqui previstos atendem também os requisitos exigidos pelo regulamento da previdência social decreto nº 3048 de 06/05/99 na redação dada pelo decreto 3265 de 29/11/99 em seu artigo 214 parágrafo 9º incisos xxiii e xxiv
19|2017_039341|Maternity Assurances|A empregada gestante gozará de estabilidade provisória no emprego desde a comunicação por escrito da gravidez até 60 (sessenta) dias após o término da licença-maternidade, salvo por motivo de justa causa para demissão. Parágrafo Único: Na ocorrência do aborto, devidamente comprovado por atestado médico, gozará a empregada de estabilidade provisória pelo prazo, de 60 (sessenta) dias, contados da data do evento, salvo por motivo de justa causa para demissão. |a empregada gestante gozará de estabilidade provisória no emprego desde a comunicação por escrito da gravidez até 60 sessenta dias após o término da licença-maternidade salvo por motivo de justa causa para demissãoparágrafo único na ocorrência do aborto devidamente comprovado por atestado médico gozará a empregada de estabilidade provisória pelo prazo de 60 sessenta dias contados da data do evento salvo por motivo de justa causa para demissão
20|2017_039341|Paternity Assurances|O empregado pai gozará de estabilidade provisória no emprego pelo prazo de 60 (sessenta) dias contados da data de nascimento do filho, salvo por motivo de justa causa para demissão, devidamente comprovado através da entrega da respectiva certidão de nascimento no prazo máximo de 15 (quinze) dias contados do evento. |o empregado pai gozará de estabilidade provisória no emprego pelo prazo de 60 sessenta dias contados da data de nascimento do filho salvo por motivo de justa causa para demissão devidamente comprovado através da entrega da respectiva certidão de nascimento no prazo máximo de 15 quinze dias contados do evento
21|2012_032527|Childcare Assistance|O CRMV-SC pagará aos seus empregados que tiverem filhos de 0(zero) até 5 (cinco) anos de idade, inclusive, um auxílio creche no valor da mensalidade cobrada pela instituição até o limite de 1/2 salário mínimo mensal, para cada filho do empregado. §1º Este auxílio somente incidirá se o filho do empregado estiver matriculado em instituição privada. §2º No requerimento do auxílio que trata esta cláusula, o empregado deverá instruir o pedido com o comprovante de matrícula na instituição referida do §1º; comprovante do valor da mensalidade e comprovante de a criança contar com a idade descrita no caput. O CRMV-SC poderá determinar a apresentação de outros documentos para melhor instruir o pedido. §3º O empregado deverá comprovar mensalmente a despesa realizada. A falta de comprovação cancela automaticamente o auxílio creche. §4º Caso pai e mãe trabalhem no CRMV-SC, somente a mãe terá direito ao referido benefício.|o crmv-sc pagará aos seus empregados que tiverem filhos de 0zero até 5 cinco anos de idade inclusive um auxílio creche no valor da mensalidade cobrada pela instituição até o limite de 1/2 salário mínimo mensal para cada filho do empregado§1º este auxílio somente incidirá se o filho do empregado estiver matriculado em instituição privada§2º no requerimento do auxílio que trata esta cláusula o empregado deverá instruir o pedido com o comprovante de matrícula na instituição referida do §1º comprovante do valor da mensalidade e comprovante de a criança contar com a idade descrita no caputo crmv-sc poderá determinar a apresentação de outros documentos para melhor instruir o pedido§3º o empregado deverá comprovar mensalmente a despesa realizadaa falta de comprovação cancela automaticamente o auxílio creche§4º caso pai e mãe trabalhem no crmv-sc somente a mãe terá direito ao referido benefício
22|2012_032527|Maternity Leave|Será concedida a todas as empregadas do CRMV-SC, por ocasião de gestação, o direito a licença maternidade, pelo período de 120 (cento e vinte) dias. |será concedida a todas as empregadas do crmv-sc por ocasião de gestação o direito a licença maternidade pelo período de 120 cento e vinte dias
23|2013_073410|Death / Funeral Assistance|No caso de falecimento de empregado, a empresa pagará o título de Auxilio Funeral, uma única vez, juntamente com o saldo de salário e outras verbas trabalhistas remanescentes a quantia correspondente a um salário nominal do empregado, vigente à data do falecimento. Não se aplica esta cláusula à empresa que tem sistema de seguro de vida em grupo inteiramente subvencionado por elas. |no caso de falecimento de empregado a empresa pagará o título de auxilio funeral uma única vez juntamente com o saldo de salário e outras verbas trabalhistas remanescentes a quantia correspondente a um salário nominal do empregado vigente à data do falecimentonão se aplica esta cláusula à empresa que tem sistema de seguro de vida em grupo inteiramente subvencionado por elas
24|2013_073410|Childcare Assistance|Durante a vigência do presente acordo, a empresa que não mantém creche ou convênio com creche, na forma da Legislação pertinente, pagarão as suas empregadas o valor mensal correspondente a 25% (vinte e cinco por cento) do maior salário normativo da categoria vigente no respectivo mês. Este auxílio será concedido a criança, porem limitado ao período máximo de 12 (doze) meses, a contar de mês em que a empregada retornar da licença-gestante. As partes convencionam que a concessão da vantagem contida no item supra atende integralmente aos parágrafos do Art. 389 da CLT: § 1º Os estabalelecimentos em que trabalharem pelo menos 30 (trinta) mulheres com mais de 16 (dezesseis) anos de idade terão local apropriado onde seja permitido às empregadas guardar sob vigilância e assistência os seus filhos no período da amamentação. § 2º A exigência do § 1º poderá ser suprida por meio de creches distritas mantidas, diretamente ou mediante convênios, com outras entidades públicas ou privadas, pelas próprias empresas, em regime comunitário, ou a cargo do SESI, DO SESC, da LBA ou de entidades sindicais. Bem como na Portaria MTP-3296, de 03-09-86. O auxílio creche objeto desta cláusula não integrará, para nenhum efeito o salário da empregada. |durante a vigência do presente acordo a empresa que não mantém creche ou convênio com creche na forma da legislação pertinente pagarão as suas empregadas o valor mensal correspondente a 25% vinte e cinco por cento do maior salário normativo da categoria vigente no respectivo mêseste auxílio será concedido a criança porem limitado ao período máximo de 12 doze meses a contar de mês em que a empregada retornar da licença-gestanteas partes convencionam que a concessão da vantagem contida no item supra atende integralmente aos parágrafos doart389 da clt § 1ºos estabalelecimentos emque trabalharem pelo menos 30 trinta mulheres com mais de 16 dezesseis anos de idade terão local apropriado onde seja permitido às empregadas guardar sob vigilância e assistência os seus filhos no período da amamentação§ 2º a exigência do § 1º poderá ser suprida por meio de creches distritas mantidas diretamente ou mediante convênios com outras entidades públicas ou privadas pelas próprias empresas em regime comunitário ou a cargo do sesi do sesc da lba ou de entidades sindicaisbem como na portaria mtp-3296 de 03-09-86o auxílio creche objeto desta cláusula não integrará para nenhum efeito o salário da empregada
25|2013_073410|Maternity Leave|a) Fica vedada a dispensa arbitrária ou sem justa causa, da empregada gestante, desde a confirmação da gravidez até 05 (cinco) meses após o parto; b)A empregada gestante não poderá ser despedida, a não ser nas hipóteses de justa causa, contrato por prazo determinado (inclusive o de experiência) e pedido de demissão. c)A empresa não poderá exigir o Aviso Prévio pelo empregado que pedir demissão imediatamente após o vencimento da licença compulsória decorrente a maternidade. |a fica vedada a dispensa arbitrária ou sem justa causa da empregada gestante desde a confirmação da gravidez até 05 cinco meses após o parto ba empregada gestante não poderá ser despedida a não ser nas hipóteses de justa causa contrato por prazo determinado inclusive o de experiência e pedido de demissãoca empresa não poderá exigir o aviso prévio pelo empregado que pedir demissão imediatamente após o vencimento da licença compulsória decorrente a maternidade
26|2013_073410|Adoption Leave|À empregada que adotar ou obtiver guarda judicial para adoção será concedida licença-maternidade, nos termos do art. 392-A, da CLT, conforme a seguir discriminado: a) 120 dias para criança até 1 ano de idade; b) 60 dias para criança a partir de 1 ano até 4 anos de idade; c) 30 dias para criança a partir de 4 anos até 8 anos de idade. |à empregada que adotar ou obtiver guarda judicial para adoção será concedida licença-maternidade nos termos do art392-a da clt conforme a seguir discriminado a 120 dias para criança até 1 ano de idade b 60 dias para criança a partir de 1 ano até 4 anos de idade c 30 dias para criança a partir de 4 anos até 8 anos de idade
27|2010_074884|Childcare Assistance|As partes concordam que a obrigação contida nos parágrafos 1º e 2º do artigo 389 da CLT, de acordo com a Portaria do MTb 3296, de 04/08/96, e Parecer MTb 196/86 aprovado em 16/07/87, poderá ser substituída, a critério da empresa, pela concessão de auxílio pecuniário, às suas empregadas no valor mensal correspondente a 15%(quinze por cento) do piso salarial, conforme cláusula 3 deste acordo, observadas as seguintes condições: PARÁGRAFO PRIMEIRO - O auxílio a que se refere a presente cláusula, será concedido aos filhos até completarem 7(sete) anos de idade, de empregadas que estejam em serviço ativo na empresa, mediante comprovação de matrícula anual em estabelecimento devidamente registrado como pessoa jurídica junto ao CGC/CNPJ, ou em caso de autônomo com profissão devidamente regularizada e registrada de acordo com a legislação vigente. O reembolso será efetuado mediante apresentação de recibo, limitado a 15% (quinze por cento) do piso salarial; PARÁGRAFO SEGUNDO - O referido pagamento, à título pecuniário, não terá configuração salarial, ou seja, não terá reflexo para efeito de férias, 13º salário, aviso prévio, nem incidência para fins de INSS, FGTS ou IRRF; PARÁGRAFO TERCEIRO - O objeto desta cláusula deixará de existir caso a empresa instale creche própria ou firme convênio com creche em efetivo funcionamento, cabendo à empresa a divulgação interna. |as partes concordam que a obrigação contida nos parágrafos 1º e 2º do artigo 389 da clt de acordo com a portaria do mtb 3296 de 04/08/96 e parecer mtb 196/86 aprovado em 16/07/87 poderá ser substituída a critério da empresa pela concessão de auxílio pecuniário às suas empregadas no valor mensal correspondente a 15%quinze por cento do piso salarial conforme cláusula 3 deste acordo observadas as seguintes condições parágrafo primeiro o auxílio a que se refere a presente cláusula será concedido aos filhos até completarem 7sete anos de idade de empregadas que estejam em serviço ativo na empresa mediante comprovação de matrícula anual em estabelecimento devidamente registrado como pessoa jurídica junto ao cgc/cnpj ou em caso de autônomo com profissão devidamente regularizada e registrada de acordo com a legislação vigenteo reembolso será efetuado mediante apresentação de recibo limitado a 15% quinze por cento do piso salarial parágrafo segundo o referido pagamento à título pecuniário não terá configuração salarial ou seja não terá reflexo para efeito de férias 13º salário aviso prévio nem incidência para fins de inss fgts ou irrf parágrafo terceiro o objeto desta cláusula deixará de existir caso a empresa instale creche própria ou firme convênio com creche em efetivo funcionamento cabendo à empresa a divulgação interna
28|2014_038173|Life Insurance|A empresa se compromete a manter seguro de vida, cobrindo os eventuais acidentes pessoais e morte acidental, no trabalho ou fora destes, para todos os seus empregados, sem qualquer ônus para estes. Parágrafo Único - A empresa em nenhuma hipótese poderá ser responsabilizada pelas obrigações das Companhias Seguradoras.|a empresa se compromete a manter seguro de vida cobrindo os eventuais acidentes pessoais e morte acidental no trabalho ou fora destes para todos os seus empregados sem qualquer ônus para estesparágrafo único a empresa em nenhuma hipótese poderá ser responsabilizada pelas obrigações das companhias seguradoras
29|2016_082062|Death / Funeral Assistance|AUXÍLIO FUNERAL / SEGURO DE VIDA: Na ocorrência de falecimento de empregado, as empresas indenizarão o beneficiário com valor equivalente a 50% (cinqüenta por cento) do valor do salário normativo de empregados em geral, previsto na cláusula 4 e 5, para auxiliar nas despesas com o funeral.  Parágrafo 1º - As empresas que mantenham apólice de seguro para cobertura de despesas com funeral em condições mais benéficas ao empregado, ficam dispensadas da concessão do pagamento do beneficio previsto no caput desta cláusula.  Parágrafo 2º – Fica facultada ao empregador a concessão de seguro de vida ao empregado, que indicará seus beneficiários. Não caberá ao empregado nenhum ônus do referido benefício social.  Todo o procedimento de instituição será regido pela apólice e respectivas condições gerais do seguro. |auxílio funeral seguro de vida na ocorrência de falecimento de empregado as empresas indenizarão o beneficiário com valor equivalente a 50% cinqüenta por cento do valor do salário normativo de empregados em geral previsto na cláusula 4 e 5 para auxiliar nas despesas com o funeral parágrafo 1º as empresas que mantenham apólice de seguro para cobertura de despesas com funeral em condições mais benéficas ao empregado ficam dispensadas da concessão do pagamento do beneficio previsto no caput desta cláusula parágrafo 2º fica facultada ao empregador a concessão de seguro de vida ao empregado que indicará seus beneficiáriosnão caberá ao empregado nenhum ônus do referido benefício social todo o procedimento de instituição será regido pela apólice e respectivas condições gerais do seguro
30|2016_082062|Maternity Assurances|ESTABILIDADE DA GESTANTE: Fica assegurada estabilidade provisória à gestante, desde a confirmação da gravidez até 75 (setenta e cinco) dias após o término da licença maternidade.  Parágrafo único - Na hipótese de dispensa sem justa causa, a empregada deverá apresentar à empresa atestado médico comprobatório da gravidez anterior ao aviso prévio, dentro de 60 (sessenta) dias após a data do recebimento do aviso, sob pena de decadência do direito previsto nesta cláusula. |estabilidade da gestante fica assegurada estabilidade provisória à gestante desde a confirmação da gravidez até 75 setenta e cinco dias após o término da licença maternidade parágrafo único na hipótese de dispensa sem justa causa a empregada deverá apresentar à empresa atestado médico comprobatório da gravidez anterior ao aviso prévio dentro de 60 sessenta dias após a data do recebimento do aviso sob pena de decadência do direito previsto nesta cláusula
31|2016_082062|Special Work Days (women, minors, students)|ABONO DE FALTA AO COMERCIÁRIO ESTUDANTE: O empregado estudante que deixar de comparecer ao serviço para prestar exames finais que coincidam com o horário de trabalho ou, no caso de vestibular, este limitado a um por ano, terá suas faltas abonadas desde que, em ambas as hipóteses, haja comunicação prévia às empresas com antecedência de 5 (cinco) dias e com comprovação posterior. |abono de falta ao comerciário estudante o empregado estudante que deixar de comparecer ao serviço para prestar exames finais que coincidam com o horário de trabalho ou no caso de vestibular este limitado a um por ano terá suas faltas abonadas desde que em ambas as hipóteses haja comunicação prévia às empresas com antecedência de 5 cinco dias e com comprovação posterior
32|2016_082062|Special Work Days (women, minors, students)|DAS GESTANTES, LACTANTES E MENORES: As gestantes, lactantes e menores, deverão ter jornada de trabalho até as 18 (dezoito) horas, respeitando sempre a jornada diária de 08 (oito) horas e 44 (quarenta e quatro) horas semanais.  Parágrafo único – A utilização das gestantes e lactantes somente poderá ser utilizada, se consentido e formalizado através de uma declaração confeccionada pelo empregado interessado. |das gestantes lactantes e menores as gestantes lactantes e menores deverão ter jornada de trabalho até as 18 dezoito horas respeitando sempre a jornada diária de 08 oito horas e 44 quarenta e quatro horas semanais parágrafo único a utilização das gestantes e lactantes somente poderá ser utilizada se consentido e formalizado através de uma declaração confeccionada pelo empregado interessado
33|2010_075192|Death / Funeral Assistance|As empresas empregadoras pagarão ao cônjuge ou herdeiro direto, a título de ajuda, um auxílio funeral de valor igual a um salário e meio do empregado-jornalista falecido na vigência do contrato de trabalho. |as empresas empregadoras pagarão ao cônjuge ou herdeiro direto a título de ajuda um auxílio funeral de valor igual a um salário e meio do empregado-jornalista falecido na vigência do contrato de trabalho
34|2015_043120|Death / Funeral Assistance|No caso de falecimento do empregado, a empresa pagará aos seus dependentes legais, a título de auxílio funeral, 2 (dois) salários normativos da categoria, de conformidade com os critérios da cláusula 2ª deste acordo; Parágrafo Único: Fica excluídas dessa obrigação a empresa que mantenham seguro de vida em grupo, com a subvenção total por parte da empresa; |no caso de falecimento do empregado a empresa pagará aos seus dependentes legais a título de auxílio funeral 2 dois salários normativos da categoria de conformidade com os critérios da cláusula 2ª deste acordo parágrafo único fica excluídas dessa obrigação a empresa que mantenham seguro de vida em grupo com a subvenção total por parte da empresa 
35|2015_043120|Childcare Assistance|As partes convencionam que, a obrigação contida nos parágrafos primeira e segunda do art. 389, da CLT, de acordo com a Portaria nº. 3.296, de 03.09.1986, e Parecer MTB 196/86, poderá ser substituída, a critério da empregada mãe, por uma das seguintes alternativas:  a) Concessão de auxílio pecuniário no valor mensal de 18% (dezoito por cento) do salário normativo da categoria, de conformidade com os critérios da cláusula 2ª deste Acordo Coletivo de Trabalho, a criança de 0 (zero) a 6 (seis) meses, desde que seja comprovado com Certidão de nascimento, recibo ou comprovante de pagamento,  para que as trabalhadoras possa usufruir do auxilio; |as partes convencionam que a obrigação contida nos parágrafos primeira e segunda do art389 da clt de acordo com a portaria nº3296 de 03091986 e parecer mtb 196/86 poderá ser substituída a critério da empregada mãe por uma das seguintes alternativas a concessão de auxílio pecuniário no valor mensal de 18% dezoito por cento do salário normativo da categoria de conformidade com os critérios da cláusula 2ª deste acordo coletivo de trabalho a criança de 0 zero a 6 seis meses desde que seja comprovado com certidão de nascimento recibo ou comprovante de pagamento, para que as trabalhadoras possa usufruir do auxilio 
36|2015_043120|Maternity Assurances|Fica vedada a dispensa arbitrária ou sem justa causa, da empregada gestante, desde a confirmação da gravidez até 5 (cinco) meses após o parto; |fica vedada a dispensa arbitrária ou sem justa causa da empregada gestante desde a confirmação da gravidez até 5 cinco meses após o parto 
37|2015_043120|Maternity Assurances|1. As empregadas gestantes não poderão ser demitidas a partir da confirmação da gravidez até 6 (seis) meses após o parto, salvo por justa causa devidamente comprovada, acordo homologado ou término de contrato por prazo determinado.  2. A empregada que, quando demitida, julgar estar em estado gravídico deverá apresentar-se à empresa empregadora, munida da competente comprovação médica, no prazo máximo de 45 (quarenta e cinco) dias, contados da rescisão contratual, sob pena de não mais poder postular quanto à permanência No emprego e/ou salários de período de garantia, entendendo-se esta como inexistente em decorrência da renuncia tácita configurada. |1as empregadas gestantes não poderão ser demitidas a partir da confirmação da gravidez até 6 seis meses após o parto salvo por justa causa devidamente comprovada acordo homologado ou término de contrato por prazo determinado 2a empregada que quando demitida julgar estar em estado gravídico deverá apresentar-se à empresa empregadora munida da competente comprovação médica no prazo máximo de 45 quarenta e cinco dias contados da rescisão contratual sob pena de não mais poder postular quanto à permanência no emprego e/ou salários de período de garantia entendendo-se esta como inexistente em decorrência da renuncia tácita configurada
38|2015_043120|Adoption Leave|A empresa concedera licença remunerada de 30 (trinta) dias para as empregadas que, comprovadamente, adotarem crianças na faixa de até 6 (seis) meses de idade; |a empresa concedera licença remunerada de 30 trinta dias para as empregadas que comprovadamente adotarem crianças na faixa de até 6 seis meses de idade 
39|2012_032551|Death / Funeral Assistance|Em caso de morte natural ou acidente do trabalho de empregado, a(s) empresa(s) fica(m) obrigada(s) a pagar a seus dependentes, habilitados perante a Previdência Social, 01 (um) salário normativo correspondente à época do fato, limitado a um teto de 10 (dez) salários mínimos vigentes na ocasião, mediante comprovante. |em caso de morte natural ou acidente do trabalho de empregado as empresas ficam obrigadas a pagar a seus dependentes habilitados perante a previdência social 01 um salário normativo correspondente à época do fato limitado a um teto de 10 dez salários mínimos vigentes na ocasião mediante comprovante
40|2012_032551|Special Work Days (women, minors, students)|O trabalhador estudante terá abonada a falta para prestação de exames escolares, desde que avise a seu empregado no mínimo 72 (setenta e duas) horas antes, sujeitando-se à comprovação posterior. |o trabalhador estudante terá abonada a falta para prestação de exames escolares desde que avise a seu empregado no mínimo 72 setenta e duas horas antes sujeitando-se à comprovação posterior
41|2015_043084|Death / Funeral Assistance|É de responsabilidade do empregador a contratação de empresa para a realização dos serviços funerários em caso de falecimento do seu empregado, no valor mínimo de R$ 1.979,00 (um mil novecentos e setenta e nove reais), sem qualquer ônus para o trabalhador.  Parágrafo Único - Caso o empregador não contrate a empresa para a realização de serviços funerários, poderão os familiares do empregado falecido contratá-la, sendo os valores despendidos totalmente ressarcidos mediante a efetiva comprovação de despesas relacionadas ao evento em questão, até o limite de R$ 1.979,00 (um mil novecentos e setenta e nove reais). |é de responsabilidade do empregador a contratação de empresa para a realização dos serviços funerários em caso de falecimento do seu empregado no valor mínimo de r$ 1979,00 um mil novecentos e setenta e nove reais sem qualquer ônus para o trabalhador parágrafo único caso o empregador não contrate a empresa para a realização de serviços funerários poderão os familiares do empregado falecido contratá-la sendo os valores despendidos totalmente ressarcidos mediante a efetiva comprovação de despesas relacionadas ao evento em questão até o limite de r$ 1979,00 um mil novecentos esetenta e novereais
42|2015_043084|Life Insurance|Os empregadores instituirão em favor de seus empregados seguro de vida e invalidez permanente sem ônus para os trabalhadores.  Parágrafo Único - Os empregadores ficam obrigados a dar conhecimento aos seus empregados do número da apólice do seguro, seja no recibo de pagamento mensal de salários ou no quadro geral de avisos. |os empregadores instituirão em favor de seus empregados seguro de vida e invalidez permanente sem ônus para os trabalhadores parágrafo único os empregadores ficam obrigados a dar conhecimento aos seus empregados do número da apólice do seguro seja no recibo de pagamento mensal de salários ou no quadro geral de avisos
